x.esem-sc.com.mx,xweb02,168.144.248.177,66.113.225.94
x.hipcrip.com,xweb02,168.144.248.174,66.113.225.91
x.wilmothharbor.com,xweb02,168.144.248.190,66.113.225.106
x.forestrangers.com,xweb02,168.144.248.190,66.113.225.106
x.photosf.com,xweb02,168.144.248.184,66.113.225.100
x.themarshallnation.com,xweb02,168.144.248.187,66.113.225.103
x.oehlers.com,xweb02,168.144.248.189,66.113.225.105
x.hamsidiving.com,xweb02,168.144.248.170,66.113.225.88
x.tuesday04.com,xweb02,168.144.248.178,66.113.225.95
x.carneys.net,xweb02,168.144.248.178,66.113.225.95
x.leftmoon.com,xweb02,168.144.248.178,66.113.225.95
x.treetwigs.com,xweb02,168.144.248.181,66.113.225.97
x.wildwoodbythesea.com,xweb02,168.144.248.182,66.113.225.98
x.rooneytimes.com,xweb02,168.144.248.183,66.113.225.99
x.grfamily.net,xweb02,168.144.248.183,66.113.225.99
x.pablocomotion.com,xweb02,168.144.248.186,66.113.225.102
x.devrijehuisarts.org,xweb02,168.144.248.190,66.113.225.106
x.cattleconnections.com,xweb02,168.144.248.168,66.113.225.86
x.centrorehabhr.com,xweb02,168.144.248.172,66.113.225.90
x.tradink.com,xweb02,168.144.248.166,66.113.225.84
x.leanforum.com,xweb02,168.144.248.174,66.113.225.91
x.jlpannell.com,xweb02,168.144.248.174,66.113.225.91
x.mbtu.com,xweb02,168.144.248.165,66.113.225.83
x.sjcohn.com,xweb02,168.144.248.186,66.113.225.102
x.congdon.ca,xweb02,168.144.248.185,66.113.225.101
x.zeala7.com,xweb02,168.144.248.184,66.113.225.100
x.bayoucomputing.com,xweb02,168.144.248.165,66.113.225.83
x.bmoran.com,xweb02,168.144.248.184,66.113.225.100
x.ilovecoding.com,xweb02,168.144.248.169,66.113.225.87
x.asherzone.com,xweb02,168.144.248.185,66.113.225.101
x.p-guhl.ch,xweb02,168.144.248.163,66.113.225.81
x.gjeff.com,xweb02,168.144.248.174,66.113.225.91
x.davidcowley.ca,xweb02,168.144.248.185,66.113.225.101
x.drjeffbailey.com,xweb02,168.144.248.167,66.113.225.85
x.wired-on-pot.com,xweb02,168.144.248.183,66.113.225.99
x.braindump.ca,xweb02,168.144.248.189,66.113.225.105
x.sbconnect.net,xweb02,168.144.248.171,66.113.225.89
x.wdumpevt.com,xweb02,168.144.248.164,66.113.225.82
x.gyalay.com,xweb02,168.144.248.168,66.113.225.86
x.shelbyprogramming.com,xweb02,168.144.248.175,66.113.225.92
x.escapesdesign.com,xweb02,168.144.248.186,66.113.225.102
x.kescomputers.com,xweb02,168.144.248.181,66.113.225.97
x.kreatiftr.com,xweb02,168.144.248.163,66.113.225.81
x.produtec.net,xweb02,168.144.248.169,66.113.225.87
x.mclychok.com,xweb02,168.144.248.182,66.113.225.98
x.rome1stumc.org,xweb02,168.144.248.187,66.113.225.103
x.delawarefinancial.com,xweb02,168.144.248.170,66.113.225.88
x.vcs.cc,xweb02,168.144.248.189,66.113.225.105
x.cerezo-tschiemer.ch,xweb02,168.144.248.167,66.113.225.85
x.netsity.com,xweb02,168.144.248.182,66.113.225.98
x.rockcode.com,xweb02,168.144.248.163,66.113.225.81
x.gulfcraftinc.com,xweb02,168.144.248.171,66.113.225.89
x.muskokasailing.com,xweb02,168.144.248.175,66.113.225.92
x.tcvcc.com,xweb02,168.144.248.164,66.113.225.82
x.matrixbay.com,xweb02,168.144.248.185,66.113.225.101
x.mlmartin.com,xweb02,168.144.248.163,66.113.225.81
x.garretthouse.org,xweb02,168.144.248.174,66.113.225.91
x.missana.net,xweb02,168.144.248.187,66.113.225.103
x.thisspaceforrent.com,xweb02,168.144.248.179,66.113.225.96
x.korean-studies.info,xweb02,168.144.248.171,66.113.225.89
x.partnersinpromotion.com,xweb02,168.144.248.178,66.113.225.95
x.agsig.org,xweb02,168.144.248.169,66.113.225.87
x.vanwinkle.org,xweb02,168.144.248.184,66.113.225.100
x.fuzzypool.com,xweb02,168.144.248.177,66.113.225.94
x.pallettrack.com,xweb02,168.144.248.185,66.113.225.101
x.parsystem.net,xweb02,168.144.248.187,66.113.225.103
x.asused.com,xweb02,168.144.248.188,66.113.225.104
x.whitfieldgallery.com,xweb02,168.144.248.185,66.113.225.101
x.jewishexperience.org,xweb02,168.144.248.162,66.113.225.80
x.lettre-amazonie.org,xweb02,168.144.248.182,66.113.225.98
x.mannmadedesigns.com,xweb02,168.144.248.172,66.113.225.90
x.kristinheron.com,xweb02,168.144.248.176,66.113.225.93
x.mistwoodstudiogallery.com,xweb02,168.144.248.183,66.113.225.99
x.myhostingtest.com,xweb03,168.144.248.137,66.113.225.59
x.asesis.com,xweb03,168.144.248.142,66.113.225.64
x.rmpinzgauers.org,xweb02,168.144.248.188,66.113.225.104
x.reinehr.com,xweb03,168.144.248.139,66.113.225.61
x.crowderhomes.com,xweb03,168.144.248.152,66.113.225.74
x.ozpinar.org,xweb03,168.144.248.132,66.113.225.54
x.acemckilty.com,xweb03,168.144.248.140,66.113.225.62
x.p-tms.com,xweb03,168.144.248.132,66.113.225.54
x.dianeheald.com,xweb03,168.144.248.134,66.113.225.56
x.watchourspace.com,xweb03,168.144.248.142,66.113.225.64
x.mistgroup.com,xweb03,168.144.248.156,66.113.225.78
x.easy-to-own-homes.com,xweb03,168.144.248.135,66.113.225.57
x.ghazzawi.com,xweb03,168.144.248.149,66.113.225.71
x.fly2mex.com,xweb03,168.144.248.155,66.113.225.77
x.fertilestream.com,xweb03,168.144.248.139,66.113.225.61
x.nammen.com,xweb03,168.144.248.147,66.113.225.69
x.sheltierescue-ga.org,xweb03,168.144.248.143,66.113.225.65
x.thaikids.com,xweb03,168.144.248.149,66.113.225.71
x.marrakech-info.com,xweb03,168.144.248.157,66.113.225.79
x.albertsnow.com,xweb03,168.144.248.143,66.113.225.65
x.officeplanningsolutions.com,xweb03,168.144.248.144,66.113.225.66
x.twitchmedia.com,xweb03,168.144.248.148,66.113.225.70
x.timsan.com.tr,xweb03,168.144.248.157,66.113.225.79
x.gultay.com.tr,xweb03,168.144.248.133,66.113.225.55
x.windjack.com,xweb03,168.144.248.151,66.113.225.73
x.aldavidsoncpa.com,xweb03,168.144.248.148,66.113.225.70
x.cs1.myhosting.net,xweb03,168.144.248.141,66.113.225.63
x.oconeeoutfitters.com,xweb03,168.144.248.135,66.113.225.57
x.nicomusic.com,xweb03,168.144.248.154,66.113.225.76
x.piecepack.org,xweb03,168.144.248.130,66.113.225.52
x.moonshinelightinginc.com,xweb03,168.144.248.141,66.113.225.63
x.hildrethus.com,xweb03,168.144.248.147,66.113.225.69
x.ijsc.org,xweb03,168.144.248.130,66.113.225.52
x.socimer.com,xweb03,168.144.248.138,66.113.225.60
x.alsenas.com,xweb03,168.144.248.133,66.113.225.55
x.pventerprises.com,xweb03,168.144.248.131,66.113.225.53
x.firstunitarianhamilton.org,xweb03,168.144.248.141,66.113.225.63
x.mollyjongfast.com,xweb03,168.144.248.147,66.113.225.69
x.stevepickering.net,xweb03,168.144.248.157,66.113.225.79
x.maxim-online.com,xweb03,168.144.248.135,66.113.225.57
x.savintage.com,xweb03,168.144.248.148,66.113.225.70
x.speichertechnik.com,xweb03,168.144.248.146,66.113.225.68
x.isis-mdsb.com,xweb03,168.144.248.133,66.113.225.55
x.atin.org,xweb03,168.144.248.138,66.113.225.60
x.cogboys.com,xweb03,168.144.248.150,66.113.225.72
x.bugparadise.com,xweb03,168.144.248.136,66.113.225.58
x.anthronix.com,xweb02,168.144.248.179,66.113.225.96
x.sibamusic.com,xweb03,168.144.248.149,66.113.225.71
x.igorka.com,xweb03,168.144.248.147,66.113.225.69
x.hannivoort.org,xweb02,168.144.248.189,66.113.225.105
x.businessmarketing.net,xweb02,168.144.248.170,66.113.225.88
x.comasa.net,xweb03,168.144.248.149,66.113.225.71
x.childhaven.com,xweb03,168.144.248.144,66.113.225.66
x.thegriffinfoundation.org,xweb03,168.144.248.140,66.113.225.62
x.teamspot.com,xweb03,168.144.248.139,66.113.225.61
x.breakneckpace.com,xweb03,168.144.248.141,66.113.225.63
x.porcelan.org,xweb03,168.144.248.138,66.113.225.60
x.porcelan.com,xweb03,168.144.248.138,66.113.225.60
x.pixelfarmer.com,xweb03,168.144.248.132,66.113.225.54
x.maymudes.net,xweb03,168.144.248.145,66.113.225.67
x.sunparlourboatclub.com,xweb03,168.144.248.156,66.113.225.78
x.peggycoyle.com,xweb03,168.144.248.155,66.113.225.77
x.profiles.com.my,xweb03,168.144.248.135,66.113.225.57
x.countrysidegazeboscanada.com,xweb03,168.144.248.130,66.113.225.52
x.mtztech.com,xweb03,168.144.248.147,66.113.225.69
x.rudres.com,xweb03,168.144.248.142,66.113.225.64
x.arkides.com,xweb03,168.144.248.145,66.113.225.67
x.convergeadv.com,xweb03,168.144.248.148,66.113.225.70
x.totaltraininginc.com,xweb03,168.144.248.155,66.113.225.77
x.212group.com,xweb03,168.144.248.134,66.113.225.56
x.reunion-resort.net,xweb02,168.144.248.184,66.113.225.100
x.uppermeadowsfarm.com,xweb03,168.144.248.150,66.113.225.72
x.artsho1.com,xweb03,168.144.248.145,66.113.225.67
x.cemerman.com,xweb03,168.144.248.152,66.113.225.74
x.stylesconcrete.com,xweb03,168.144.248.137,66.113.225.59
x.fuorilegge.net,xweb03,168.144.248.153,66.113.225.75
x.skozokas.net,xweb02,168.144.248.190,66.113.225.106
x.mapatours.com.do,xweb02,168.144.248.181,66.113.225.97
x.stracy.org,xweb02,168.144.248.170,66.113.225.88
